n,s_factor,duration,size,seed,model,status,objective,runtime,wall_time,servers,fireups
5,1.0,short,low,42,M1 optimized,2,4.0,0.015440940856933594,0.05541110038757324,,2
5,1.0,short,low,42,M2 optimized,2,4.0,0.0006570816040039062,0.0013189315795898438,,2
5,1.0,short,low,42,M3 optimized,2,4.0,0.000985860824584961,0.002332925796508789,,2
5,1.0,short,low,43,M1 optimized,2,6.0,0.0018148422241210938,0.003039121627807617,,3
5,1.0,short,low,43,M2 optimized,2,6.0,0.0008809566497802734,0.0015630722045898438,,3
5,1.0,short,low,43,M3 optimized,2,6.0,0.00043487548828125,0.0009407997131347656,,3
5,1.0,short,low,44,M1 optimized,2,4.0,0.0017321109771728516,0.002723217010498047,,2
5,1.0,short,low,44,M2 optimized,2,4.0,0.00047087669372558594,0.0009808540344238281,,2
5,1.0,short,low,44,M3 optimized,2,4.0,0.0004029273986816406,0.0008521080017089844,,2
5,1.0,short,low,45,M1 optimized,2,4.0,0.0016329288482666016,0.0025069713592529297,,2
5,1.0,short,low,45,M2 optimized,2,4.0,0.0004699230194091797,0.0009379386901855469,,2
5,1.0,short,low,45,M3 optimized,2,4.0,0.0004038810729980469,0.0008227825164794922,,2
5,1.0,short,low,46,M1 optimized,2,4.0,0.0017609596252441406,0.002624034881591797,,2
5,1.0,short,low,46,M2 optimized,2,4.0,0.0005700588226318359,0.0010433197021484375,,2
5,1.0,short,low,46,M3 optimized,2,4.0,0.0004260540008544922,0.0008440017700195312,,2
5,1.0,short,high,42,M1 optimized,2,4.0,0.0007181167602539062,0.0019447803497314453,,2
5,1.0,short,high,42,M2 optimized,2,4.0,0.00037384033203125,0.0009148120880126953,,2
5,1.0,short,high,42,M3 optimized,2,4.0,0.0008299350738525391,0.001249074935913086,,2
5,1.0,short,high,43,M1 optimized,2,8.0,0.0012118816375732422,0.002343893051147461,,4
5,1.0,short,high,43,M2 optimized,2,8.0,0.001293182373046875,0.0020720958709716797,,4
5,1.0,short,high,43,M3 optimized,2,8.0,0.0002238750457763672,0.0005660057067871094,,4
5,1.0,short,high,44,M1 optimized,2,6.0,0.0027008056640625,0.005061149597167969,,3
5,1.0,short,high,44,M2 optimized,2,6.0,0.000885009765625,0.0014691352844238281,,3
5,1.0,short,high,44,M3 optimized,2,6.0,0.0008261203765869141,0.001300811767578125,,3
5,1.0,short,high,45,M1 optimized,2,6.0,0.0012960433959960938,0.0023419857025146484,,3
5,1.0,short,high,45,M2 optimized,2,6.0,0.0007250308990478516,0.0013849735260009766,,3
5,1.0,short,high,45,M3 optimized,2,6.0,0.0004298686981201172,0.0008749961853027344,,3
5,1.0,short,high,46,M1 optimized,2,6.0,0.0006251335144042969,0.0015270709991455078,,3
5,1.0,short,high,46,M2 optimized,2,6.0,0.0002741813659667969,0.0007448196411132812,,3
5,1.0,short,high,46,M3 optimized,2,6.0,0.0003459453582763672,0.0006861686706542969,,3
5,1.0,long,low,42,M1 optimized,2,4.0,0.002054929733276367,0.003031015396118164,,2
5,1.0,long,low,42,M2 optimized,2,4.0,0.0007128715515136719,0.0012516975402832031,,2
5,1.0,long,low,42,M3 optimized,2,4.0,0.000453948974609375,0.0008819103240966797,,2
5,1.0,long,low,43,M1 optimized,2,6.0,0.0019419193267822266,0.0030510425567626953,,3
5,1.0,long,low,43,M2 optimized,2,6.0,0.0007469654083251953,0.0013308525085449219,,3
5,1.0,long,low,43,M3 optimized,2,6.0,0.0007739067077636719,0.0013821125030517578,,3
5,1.0,long,low,44,M1 optimized,2,4.0,0.001970052719116211,0.0031931400299072266,,2
5,1.0,long,low,44,M2 optimized,2,4.0,0.0005230903625488281,0.001088857650756836,,2
5,1.0,long,low,44,M3 optimized,2,4.0,0.00043392181396484375,0.0008823871612548828,,2
5,1.0,long,low,45,M1 optimized,2,4.0,0.0022771358489990234,0.0040667057037353516,,2
5,1.0,long,low,45,M2 optimized,2,4.0,0.0005719661712646484,0.0015528202056884766,,2
5,1.0,long,low,45,M3 optimized,2,4.0,0.00042510032653808594,0.0008809566497802734,,2
5,1.0,long,low,46,M1 optimized,2,4.0,0.0021820068359375,0.0032508373260498047,,2
5,1.0,long,low,46,M2 optimized,2,4.0,0.0005509853363037109,0.0011229515075683594,,2
5,1.0,long,low,46,M3 optimized,2,4.0,0.0004010200500488281,0.0008440017700195312,,2
5,1.0,long,high,42,M1 optimized,2,4.0,0.0005621910095214844,0.0014998912811279297,,2
5,1.0,long,high,42,M2 optimized,2,4.0,0.0003261566162109375,0.0008111000061035156,,2
5,1.0,long,high,42,M3 optimized,2,4.0,0.0005850791931152344,0.0009641647338867188,,2
5,1.0,long,high,43,M1 optimized,2,8.0,0.0006971359252929688,0.0017349720001220703,,4
5,1.0,long,high,43,M2 optimized,2,8.0,0.0006361007690429688,0.0011157989501953125,,4
5,1.0,long,high,43,M3 optimized,2,8.0,0.0001728534698486328,0.0004322528839111328,,4
5,1.0,long,high,44,M1 optimized,2,6.0,0.0015459060668945312,0.0026390552520751953,,3
5,1.0,long,high,44,M2 optimized,2,6.0,0.0006818771362304688,0.0012118816375732422,,3
5,1.0,long,high,44,M3 optimized,2,6.0,0.000392913818359375,0.0008280277252197266,,3
5,1.0,long,high,45,M1 optimized,2,6.0,0.0017039775848388672,0.002779722213745117,,3
5,1.0,long,high,45,M2 optimized,2,6.0,0.0008420944213867188,0.0020761489868164062,,3
5,1.0,long,high,45,M3 optimized,2,6.0,0.0004889965057373047,0.0009889602661132812,,3
5,1.0,long,high,46,M1 optimized,2,6.0,0.0011730194091796875,0.003045797348022461,,3
5,1.0,long,high,46,M2 optimized,2,6.0,0.0002570152282714844,0.0008330345153808594,,3
5,1.0,long,high,46,M3 optimized,2,6.0,0.0003859996795654297,0.0007290840148925781,,3
5,1.2,short,low,42,M1 optimized,2,4.0,0.0017118453979492188,0.004318952560424805,,2
5,1.2,short,low,42,M2 optimized,2,4.0,0.000576019287109375,0.00115203857421875,,2
5,1.2,short,low,42,M3 optimized,2,4.0,0.0007300376892089844,0.0012161731719970703,,2
5,1.2,short,low,43,M1 optimized,2,6.0,0.001986980438232422,0.0032949447631835938,,3
5,1.2,short,low,43,M2 optimized,2,6.0,0.0006909370422363281,0.0012352466583251953,,3
5,1.2,short,low,43,M3 optimized,2,6.0,0.00041484832763671875,0.0009000301361083984,,3
5,1.2,short,low,44,M1 optimized,2,4.0,0.001667022705078125,0.002707242965698242,,2
5,1.2,short,low,44,M2 optimized,2,4.0,0.0004909038543701172,0.0010018348693847656,,2
5,1.2,short,low,44,M3 optimized,2,4.0,0.0004200935363769531,0.0008552074432373047,,2
5,1.2,short,low,45,M1 optimized,2,4.0,0.0016350746154785156,0.0025069713592529297,,2
5,1.2,short,low,45,M2 optimized,2,4.0,0.0004980564117431641,0.0009620189666748047,,2
5,1.2,short,low,45,M3 optimized,2,4.0,0.0003991127014160156,0.0008037090301513672,,2
5,1.2,short,low,46,M1 optimized,2,4.0,0.0022521018981933594,0.0031621456146240234,,2
5,1.2,short,low,46,M2 optimized,2,4.0,0.0005819797515869141,0.00113677978515625,,2
5,1.2,short,low,46,M3 optimized,2,4.0,0.0004150867462158203,0.0008661746978759766,,2
5,1.2,short,high,42,M1 optimized,2,4.0,0.0007090568542480469,0.0019047260284423828,,2
5,1.2,short,high,42,M2 optimized,2,4.0,0.0003578662872314453,0.0009441375732421875,,2
5,1.2,short,high,42,M3 optimized,2,4.0,0.0008869171142578125,0.0012791156768798828,,2
5,1.2,short,high,43,M1 optimized,2,10.0,0.0009319782257080078,0.002065896987915039,,5
5,1.2,short,high,43,M2 optimized,2,10.0,0.0002601146697998047,0.0008358955383300781,,5
5,1.2,short,high,43,M3 optimized,2,10.0,0.00015687942504882812,0.00036215782165527344,,5
5,1.2,short,high,44,M1 optimized,2,6.0,0.0028600692749023438,0.0039479732513427734,,3
5,1.2,short,high,44,M2 optimized,2,6.0,0.0010581016540527344,0.0016188621520996094,,3
5,1.2,short,high,44,M3 optimized,2,6.0,0.0004379749298095703,0.0009000301361083984,,3
5,1.2,short,high,45,M1 optimized,2,6.0,0.0012819766998291016,0.0026040077209472656,,3
5,1.2,short,high,45,M2 optimized,2,6.0,0.0006358623504638672,0.0011551380157470703,,3
5,1.2,short,high,45,M3 optimized,2,6.0,0.00039005279541015625,0.0008068084716796875,,3
5,1.2,short,high,46,M1 optimized,2,6.0,0.0005238056182861328,0.0013840198516845703,,3
5,1.2,short,high,46,M2 optimized,2,6.0,0.0002429485321044922,0.0006928443908691406,,3
5,1.2,short,high,46,M3 optimized,2,6.0,0.0003199577331542969,0.0006458759307861328,,3
5,1.2,long,low,42,M1 optimized,2,4.0,0.0014472007751464844,0.0024111270904541016,,2
5,1.2,long,low,42,M2 optimized,2,4.0,0.0005240440368652344,0.001013040542602539,,2
5,1.2,long,low,42,M3 optimized,2,4.0,0.00040411949157714844,0.0008001327514648438,,2
5,1.2,long,low,43,M1 optimized,2,6.0,0.0017859935760498047,0.002819061279296875,,3
5,1.2,long,low,43,M2 optimized,2,6.0,0.0008859634399414062,0.0014767646789550781,,3
5,1.2,long,low,43,M3 optimized,2,6.0,0.0009450912475585938,0.00177001953125,,3
5,1.2,long,low,44,M1 optimized,2,4.0,0.0021140575408935547,0.003293275833129883,,2
5,1.2,long,low,44,M2 optimized,2,4.0,0.0010380744934082031,0.0017778873443603516,,2
5,1.2,long,low,44,M3 optimized,2,4.0,0.0004899501800537109,0.0009920597076416016,,2
5,1.2,long,low,45,M1 optimized,2,4.0,0.003092050552368164,0.0039942264556884766,,2
5,1.2,long,low,45,M2 optimized,2,4.0,0.0005412101745605469,0.001074075698852539,,2
5,1.2,long,low,45,M3 optimized,2,4.0,0.0004031658172607422,0.0008339881896972656,,2
5,1.2,long,low,46,M1 optimized,2,4.0,0.0024149417877197266,0.003350973129272461,,2
5,1.2,long,low,46,M2 optimized,2,4.0,0.0005679130554199219,0.0011470317840576172,,2
5,1.2,long,low,46,M3 optimized,2,4.0,0.0004031658172607422,0.0008308887481689453,,2
5,1.2,long,high,42,M1 optimized,2,4.0,0.0005619525909423828,0.0014998912811279297,,2
5,1.2,long,high,42,M2 optimized,2,4.0,0.0003139972686767578,0.0008029937744140625,,2
5,1.2,long,high,42,M3 optimized,2,4.0,0.0005691051483154297,0.0009291172027587891,,2
5,1.2,long,high,43,M1 optimized,2,10.0,0.00028705596923828125,0.0013060569763183594,,5
5,1.2,long,high,43,M2 optimized,2,10.0,0.0002009868621826172,0.0006730556488037109,,5
5,1.2,long,high,43,M3 optimized,2,10.0,0.00014495849609375,0.000335693359375,,5
5,1.2,long,high,44,M1 optimized,2,6.0,0.0014030933380126953,0.002568960189819336,,3
5,1.2,long,high,44,M2 optimized,2,6.0,0.0007090568542480469,0.0012269020080566406,,3
5,1.2,long,high,44,M3 optimized,2,6.0,0.00038814544677734375,0.0008063316345214844,,3
5,1.2,long,high,45,M1 optimized,2,6.0,0.001971006393432617,0.0028450489044189453,,3
5,1.2,long,high,45,M2 optimized,2,6.0,0.0011990070343017578,0.0018100738525390625,,3
5,1.2,long,high,45,M3 optimized,2,6.0,0.00043702125549316406,0.0009281635284423828,,3
5,1.2,long,high,46,M1 optimized,2,6.0,0.0006439685821533203,0.0016360282897949219,,3
5,1.2,long,high,46,M2 optimized,2,6.0,0.00026988983154296875,0.00084686279296875,,3
5,1.2,long,high,46,M3 optimized,2,6.0,0.00037217140197753906,0.0007100105285644531,,3
10,1.0,short,low,42,M1 optimized,2,8.0,0.009387969970703125,0.01337289810180664,,4
10,1.0,short,low,42,M2 optimized,2,8.0,0.0017359256744384766,0.0032219886779785156,,4
10,1.0,short,low,42,M3 optimized,2,8.0,0.0015149116516113281,0.0028328895568847656,,4
10,1.0,short,low,43,M1 optimized,2,10.0,0.015239953994750977,0.018383026123046875,,5
10,1.0,short,low,43,M2 optimized,2,10.0,0.004871845245361328,0.006345987319946289,,5
10,1.0,short,low,43,M3 optimized,2,10.0,0.0012388229370117188,0.0026459693908691406,,5
10,1.0,short,low,44,M1 optimized,2,8.0,0.005738973617553711,0.008967161178588867,,4
10,1.0,short,low,44,M2 optimized,2,8.0,0.0013899803161621094,0.0027511119842529297,,4
10,1.0,short,low,44,M3 optimized,2,8.0,0.0014510154724121094,0.002908945083618164,,4
10,1.0,short,low,45,M1 optimized,2,8.0,0.024322032928466797,0.027695178985595703,,4
10,1.0,short,low,45,M2 optimized,2,8.0,0.004083156585693359,0.005546092987060547,,4
10,1.0,short,low,45,M3 optimized,2,8.0,0.0014910697937011719,0.002980947494506836,,4
10,1.0,short,low,46,M1 optimized,2,8.0,0.007103919982910156,0.010468244552612305,,4
10,1.0,short,low,46,M2 optimized,2,8.0,0.0016071796417236328,0.0032548904418945312,,4
10,1.0,short,low,46,M3 optimized,2,8.0,0.0015041828155517578,0.002897977828979492,,4
10,1.0,short,high,42,M1 optimized,2,12.0,0.005049943923950195,0.00795888900756836,,6
10,1.0,short,high,42,M2 optimized,2,12.0,0.003950834274291992,0.005574703216552734,,6
10,1.0,short,high,42,M3 optimized,2,12.0,0.0011470317840576172,0.002905130386352539,,6
10,1.0,short,high,43,M1 optimized,2,14.0,0.003309965133666992,0.0076639652252197266,,7
10,1.0,short,high,43,M2 optimized,2,14.0,0.0025758743286132812,0.004178762435913086,,7
10,1.0,short,high,43,M3 optimized,2,14.0,0.0005571842193603516,0.0013680458068847656,,7
10,1.0,short,high,44,M1 optimized,2,12.0,0.008157014846801758,0.011327981948852539,,6
10,1.0,short,high,44,M2 optimized,2,12.0,0.00579380989074707,0.007452964782714844,,6
10,1.0,short,high,44,M3 optimized,2,12.0,0.0015780925750732422,0.002730846405029297,,6
10,1.0,short,high,45,M1 optimized,2,12.0,0.00533604621887207,0.010413646697998047,,6
10,1.0,short,high,45,M2 optimized,2,12.0,0.0013730525970458984,0.0027971267700195312,,6
10,1.0,short,high,45,M3 optimized,2,12.0,0.0006809234619140625,0.0015139579772949219,,6
10,1.0,short,high,46,M1 optimized,2,10.0,0.004119157791137695,0.007302284240722656,,5
10,1.0,short,high,46,M2 optimized,2,10.0,0.0013580322265625,0.002991914749145508,,5
10,1.0,short,high,46,M3 optimized,2,10.0,0.001722097396850586,0.003287076950073242,,5
10,1.0,long,low,42,M1 optimized,2,8.0,0.00624394416809082,0.010267257690429688,,4
10,1.0,long,low,42,M2 optimized,2,8.0,0.0026328563690185547,0.004608869552612305,,4
10,1.0,long,low,42,M3 optimized,2,8.0,0.0016450881958007812,0.003062009811401367,,4
10,1.0,long,low,43,M1 optimized,2,10.0,0.012306928634643555,0.015682220458984375,,5
10,1.0,long,low,43,M2 optimized,2,10.0,0.00925588607788086,0.010872125625610352,,5
10,1.0,long,low,43,M3 optimized,2,10.0,0.0022652149200439453,0.004069089889526367,,5
10,1.0,long,low,44,M1 optimized,2,8.0,0.008285045623779297,0.013332843780517578,,4
10,1.0,long,low,44,M2 optimized,2,8.0,0.0016069412231445312,0.0036551952362060547,,4
10,1.0,long,low,44,M3 optimized,2,8.0,0.002050161361694336,0.003756999969482422,,4
10,1.0,long,low,45,M1 optimized,2,8.0,0.013653039932250977,0.017754077911376953,,4
10,1.0,long,low,45,M2 optimized,2,8.0,0.004241943359375,0.00568699836730957,,4
10,1.0,long,low,45,M3 optimized,2,8.0,0.0015819072723388672,0.003129243850708008,,4
10,1.0,long,low,46,M1 optimized,2,8.0,0.005760908126831055,0.009428977966308594,,4
10,1.0,long,low,46,M2 optimized,2,8.0,0.0018811225891113281,0.0046880245208740234,,4
10,1.0,long,low,46,M3 optimized,2,8.0,0.0019080638885498047,0.003403186798095703,,4
10,1.0,long,high,42,M1 optimized,2,12.0,0.00513005256652832,0.00824594497680664,,6
10,1.0,long,high,42,M2 optimized,2,12.0,0.0037360191345214844,0.005593061447143555,,6
10,1.0,long,high,42,M3 optimized,2,12.0,0.0008220672607421875,0.0018820762634277344,,6
10,1.0,long,high,43,M1 optimized,2,14.0,0.003921031951904297,0.007440805435180664,,7
10,1.0,long,high,43,M2 optimized,2,14.0,0.002763032913208008,0.005627155303955078,,7
10,1.0,long,high,43,M3 optimized,2,14.0,0.0006210803985595703,0.0014750957489013672,,7
10,1.0,long,high,44,M1 optimized,2,12.0,0.007588863372802734,0.011075019836425781,,6
10,1.0,long,high,44,M2 optimized,2,12.0,0.005338907241821289,0.006724834442138672,,6
10,1.0,long,high,44,M3 optimized,2,12.0,0.001425027847290039,0.002489805221557617,,6
10,1.0,long,high,45,M1 optimized,2,12.0,0.004561185836791992,0.009679079055786133,,6
10,1.0,long,high,45,M2 optimized,2,12.0,0.0013151168823242188,0.0027379989624023438,,6
10,1.0,long,high,45,M3 optimized,2,12.0,0.0006558895111083984,0.0014531612396240234,,6
10,1.0,long,high,46,M1 optimized,2,10.0,0.004019021987915039,0.00714111328125,,5
10,1.0,long,high,46,M2 optimized,2,10.0,0.001127004623413086,0.0024352073669433594,,5
10,1.0,long,high,46,M3 optimized,2,10.0,0.0012178421020507812,0.0022420883178710938,,5
10,1.2,short,low,42,M1 optimized,2,8.0,0.006237983703613281,0.009708881378173828,,4
10,1.2,short,low,42,M2 optimized,2,8.0,0.001817941665649414,0.003367900848388672,,4
10,1.2,short,low,42,M3 optimized,2,8.0,0.001928091049194336,0.0034601688385009766,,4
10,1.2,short,low,43,M1 optimized,2,10.0,0.011133909225463867,0.01530599594116211,,5
10,1.2,short,low,43,M2 optimized,2,10.0,0.004230976104736328,0.005650758743286133,,5
10,1.2,short,low,43,M3 optimized,2,10.0,0.0018239021301269531,0.003427743911743164,,5
10,1.2,short,low,44,M1 optimized,2,8.0,0.00834512710571289,0.011420965194702148,,4
10,1.2,short,low,44,M2 optimized,2,8.0,0.0015690326690673828,0.003072023391723633,,4
10,1.2,short,low,44,M3 optimized,2,8.0,0.0013489723205566406,0.002725839614868164,,4
10,1.2,short,low,45,M1 optimized,2,8.0,0.005303144454956055,0.008646965026855469,,4
10,1.2,short,low,45,M2 optimized,2,8.0,0.0012929439544677734,0.002641916275024414,,4
10,1.2,short,low,45,M3 optimized,2,8.0,0.0020918846130371094,0.003520965576171875,,4
10,1.2,short,low,46,M1 optimized,2,8.0,0.011026859283447266,0.014781951904296875,,4
10,1.2,short,low,46,M2 optimized,2,8.0,0.004397153854370117,0.005941152572631836,,4
10,1.2,short,low,46,M3 optimized,2,8.0,0.00593113899230957,0.007439136505126953,,4
10,1.2,short,high,42,M1 optimized,2,10.0,0.007222175598144531,0.010967016220092773,,5
10,1.2,short,high,42,M2 optimized,2,10.0,0.0016880035400390625,0.003414630889892578,,5
10,1.2,short,high,42,M3 optimized,2,10.0,0.001608133316040039,0.0028841495513916016,,5
10,1.2,short,high,43,M1 optimized,2,16.0,0.0026280879974365234,0.006079912185668945,,8
10,1.2,short,high,43,M2 optimized,2,16.0,0.0017139911651611328,0.0030736923217773438,,8
10,1.2,short,high,43,M3 optimized,2,16.0,0.0005772113800048828,0.0013499259948730469,,8
10,1.2,short,high,44,M1 optimized,2,12.0,0.011378049850463867,0.014846086502075195,,6
10,1.2,short,high,44,M2 optimized,2,12.0,0.005095005035400391,0.007995128631591797,,6
10,1.2,short,high,44,M3 optimized,2,12.0,0.0006539821624755859,0.0016150474548339844,,6
10,1.2,short,high,45,M1 optimized,2,8.0,0.0058820247650146484,0.009224176406860352,,4
10,1.2,short,high,45,M2 optimized,2,8.0,0.00139617919921875,0.002769947052001953,,4
10,1.2,short,high,45,M3 optimized,2,8.0,0.001497030258178711,0.0029659271240234375,,4
10,1.2,short,high,46,M1 optimized,2,10.0,0.004992961883544922,0.008217096328735352,,5
10,1.2,short,high,46,M2 optimized,2,10.0,0.0015709400177001953,0.0031156539916992188,,5
10,1.2,short,high,46,M3 optimized,2,10.0,0.001249074935913086,0.0023670196533203125,,5
10,1.2,long,low,42,M1 optimized,2,8.0,0.005896091461181641,0.009032964706420898,,4
10,1.2,long,low,42,M2 optimized,2,8.0,0.0015139579772949219,0.002969980239868164,,4
10,1.2,long,low,42,M3 optimized,2,8.0,0.0012929439544677734,0.0026159286499023438,,4
10,1.2,long,low,43,M1 optimized,2,10.0,0.013966798782348633,0.017454147338867188,,5
10,1.2,long,low,43,M2 optimized,2,10.0,0.003604888916015625,0.0049991607666015625,,5
10,1.2,long,low,43,M3 optimized,2,10.0,0.0012278556823730469,0.0026378631591796875,,5
10,1.2,long,low,44,M1 optimized,2,8.0,0.005285024642944336,0.008347749710083008,,4
10,1.2,long,low,44,M2 optimized,2,8.0,0.0016551017761230469,0.0031630992889404297,,4
10,1.2,long,low,44,M3 optimized,2,8.0,0.001748800277709961,0.0032377243041992188,,4
10,1.2,long,low,45,M1 optimized,2,8.0,0.014475107192993164,0.05235600471496582,,4
10,1.2,long,low,45,M2 optimized,2,8.0,0.0015261173248291016,0.0035860538482666016,,4
10,1.2,long,low,45,M3 optimized,2,8.0,0.0015790462493896484,0.002936840057373047,,4
10,1.2,long,low,46,M1 optimized,2,8.0,0.007114887237548828,0.010752201080322266,,4
10,1.2,long,low,46,M2 optimized,2,8.0,0.0014271736145019531,0.004060983657836914,,4
10,1.2,long,low,46,M3 optimized,2,8.0,0.0017299652099609375,0.0032722949981689453,,4
10,1.2,long,high,42,M1 optimized,2,10.0,0.006601095199584961,0.009826898574829102,,5
10,1.2,long,high,42,M2 optimized,2,10.0,0.0016298294067382812,0.003120899200439453,,5
10,1.2,long,high,42,M3 optimized,2,10.0,0.0017218589782714844,0.002904176712036133,,5
10,1.2,long,high,43,M1 optimized,2,16.0,0.0031731128692626953,0.0070438385009765625,,8
10,1.2,long,high,43,M2 optimized,2,16.0,0.0032088756561279297,0.0057468414306640625,,8
10,1.2,long,high,43,M3 optimized,2,16.0,0.0006430149078369141,0.0014729499816894531,,8
10,1.2,long,high,44,M1 optimized,2,12.0,0.008571147918701172,0.011893033981323242,,6
10,1.2,long,high,44,M2 optimized,2,12.0,0.0054700374603271484,0.0069501399993896484,,6
10,1.2,long,high,44,M3 optimized,2,12.0,0.0006968975067138672,0.001703023910522461,,6
10,1.2,long,high,45,M1 optimized,2,10.0,0.007904052734375,0.011635780334472656,,5
10,1.2,long,high,45,M2 optimized,2,10.0,0.0015349388122558594,0.003191709518432617,,5
10,1.2,long,high,45,M3 optimized,2,10.0,0.0010960102081298828,0.0023391246795654297,,5
10,1.2,long,high,46,M1 optimized,2,10.0,0.003795146942138672,0.006922006607055664,,5
10,1.2,long,high,46,M2 optimized,2,10.0,0.001466989517211914,0.002866029739379883,,5
10,1.2,long,high,46,M3 optimized,2,10.0,0.0011069774627685547,0.002177000045776367,,5
15,1.0,short,low,42,M1 optimized,2,12.0,0.2060401439666748,0.21407008171081543,,6
15,1.0,short,low,42,M2 optimized,2,12.0,0.1368870735168457,0.14006614685058594,,6
15,1.0,short,low,42,M3 optimized,2,12.0,0.005919933319091797,0.009182929992675781,,6
15,1.0,short,low,43,M1 optimized,2,12.0,0.06342887878417969,0.07079195976257324,,6
15,1.0,short,low,43,M2 optimized,2,12.0,0.0615689754486084,0.06481289863586426,,6
15,1.0,short,low,43,M3 optimized,2,12.0,0.017223119735717773,0.020399808883666992,,6
15,1.0,short,low,44,M1 optimized,2,12.0,0.018651962280273438,0.02730083465576172,,6
15,1.0,short,low,44,M2 optimized,2,12.0,0.00304412841796875,0.006162166595458984,,6
15,1.0,short,low,44,M3 optimized,2,12.0,0.0032439231872558594,0.0062520503997802734,,6
15,1.0,short,low,45,M1 optimized,2,12.0,0.01509404182434082,0.021295785903930664,,6
15,1.0,short,low,45,M2 optimized,2,12.0,0.0030260086059570312,0.006117820739746094,,6
15,1.0,short,low,45,M3 optimized,2,12.0,0.0025298595428466797,0.005296945571899414,,6
15,1.0,short,low,46,M1 optimized,2,10.0,0.019213199615478516,0.026867151260375977,,5
15,1.0,short,low,46,M2 optimized,2,10.0,0.0037431716918945312,0.006978034973144531,,5
15,1.0,short,low,46,M3 optimized,2,10.0,0.00403904914855957,0.007075071334838867,,5
15,1.0,short,high,42,M1 optimized,2,16.0,0.03726506233215332,0.0479280948638916,,8
15,1.0,short,high,42,M2 optimized,2,16.0,0.007678985595703125,0.010773181915283203,,8
15,1.0,short,high,42,M3 optimized,2,16.0,0.0029211044311523438,0.004927873611450195,,8
15,1.0,short,high,43,M1 optimized,2,14.0,0.016643047332763672,0.02414417266845703,,7
15,1.0,short,high,43,M2 optimized,2,14.0,0.0038099288940429688,0.006825923919677734,,7
15,1.0,short,high,43,M3 optimized,2,14.0,0.0018608570098876953,0.004561901092529297,,7
15,1.0,short,high,44,M1 optimized,2,14.0,0.03534293174743652,0.043498992919921875,,7
15,1.0,short,high,44,M2 optimized,2,14.0,0.007921934127807617,0.011132001876831055,,7
15,1.0,short,high,44,M3 optimized,2,14.0,0.002032041549682617,0.004236936569213867,,7
15,1.0,short,high,45,M1 optimized,2,17.0,0.03186798095703125,0.03822803497314453,,9
15,1.0,short,high,45,M2 optimized,2,17.0,0.0161440372467041,0.019422054290771484,,9
15,1.0,short,high,45,M3 optimized,2,17.0,0.0017919540405273438,0.0032949447631835938,,9
15,1.0,short,high,46,M1 optimized,2,14.0,0.019940853118896484,0.027454853057861328,,7
15,1.0,short,high,46,M2 optimized,2,14.0,0.0036978721618652344,0.006951332092285156,,7
15,1.0,short,high,46,M3 optimized,2,14.0,0.002786874771118164,0.0050258636474609375,,7
15,1.0,long,low,42,M1 optimized,2,12.0,0.02112412452697754,0.03136491775512695,,6
15,1.0,long,low,42,M2 optimized,2,12.0,0.009057998657226562,0.011842012405395508,,6
15,1.0,long,low,42,M3 optimized,2,12.0,0.003895998001098633,0.008753061294555664,,6
15,1.0,long,low,43,M1 optimized,2,12.0,0.017017126083374023,0.024529218673706055,,6
15,1.0,long,low,43,M2 optimized,2,12.0,0.0031092166900634766,0.006532192230224609,,6
15,1.0,long,low,43,M3 optimized,2,12.0,0.004312038421630859,0.007662296295166016,,6
15,1.0,long,low,44,M1 optimized,2,12.0,0.021420001983642578,0.02937030792236328,,6
15,1.0,long,low,44,M2 optimized,2,12.0,0.004046916961669922,0.0067920684814453125,,6
15,1.0,long,low,44,M3 optimized,2,12.0,0.0029048919677734375,0.006030082702636719,,6
15,1.0,long,low,45,M1 optimized,2,12.0,0.028354883193969727,0.03557896614074707,,6
15,1.0,long,low,45,M2 optimized,2,12.0,0.012662887573242188,0.015434026718139648,,6
15,1.0,long,low,45,M3 optimized,2,12.0,0.0026879310607910156,0.005554914474487305,,6
15,1.0,long,low,46,M1 optimized,2,12.0,0.02010202407836914,0.02780890464782715,,6
15,1.0,long,low,46,M2 optimized,2,12.0,0.002974987030029297,0.005882978439331055,,6
15,1.0,long,low,46,M3 optimized,2,12.0,0.004190921783447266,0.00716400146484375,,6
15,1.0,long,high,42,M1 optimized,2,18.0,0.0430908203125,0.052468061447143555,,9
15,1.0,long,high,42,M2 optimized,2,18.0,0.00752711296081543,0.010334014892578125,,9
15,1.0,long,high,42,M3 optimized,2,18.0,0.0014910697937011719,0.0034499168395996094,,9
15,1.0,long,high,43,M1 optimized,2,14.0,0.03054213523864746,0.0385899543762207,,7
15,1.0,long,high,43,M2 optimized,2,14.0,0.0033979415893554688,0.006390094757080078,,7
15,1.0,long,high,43,M3 optimized,2,14.0,0.0025658607482910156,0.005074262619018555,,7
15,1.0,long,high,44,M1 optimized,2,16.0,0.042324066162109375,0.050248146057128906,,8
15,1.0,long,high,44,M2 optimized,2,16.0,0.009531974792480469,0.012490034103393555,,8
15,1.0,long,high,44,M3 optimized,2,16.0,0.0017609596252441406,0.0040819644927978516,,8
15,1.0,long,high,45,M1 optimized,2,20.0,0.028316020965576172,0.03516793251037598,,10
15,1.0,long,high,45,M2 optimized,2,20.0,0.008507966995239258,0.011217832565307617,,10
15,1.0,long,high,45,M3 optimized,2,20.0,0.0012698173522949219,0.002711057662963867,,10
15,1.0,long,high,46,M1 optimized,2,16.0,0.03950905799865723,0.04826092720031738,,8
15,1.0,long,high,46,M2 optimized,2,16.0,0.010587930679321289,0.014163017272949219,,8
15,1.0,long,high,46,M3 optimized,2,16.0,0.002441883087158203,0.004678010940551758,,8
15,1.2,short,low,42,M1 optimized,2,10.0,0.019442081451416016,0.027499675750732422,,5
15,1.2,short,low,42,M2 optimized,2,10.0,0.003913164138793945,0.007236003875732422,,5
15,1.2,short,low,42,M3 optimized,2,10.0,0.004683017730712891,0.007884025573730469,,5
15,1.2,short,low,43,M1 optimized,2,12.0,0.08124685287475586,0.08866190910339355,,6
15,1.2,short,low,43,M2 optimized,2,12.0,0.0243070125579834,0.02765512466430664,,6
15,1.2,short,low,43,M3 optimized,2,12.0,0.008152008056640625,0.011269092559814453,,6
15,1.2,short,low,44,M1 optimized,2,12.0,0.01564502716064453,0.025485992431640625,,6
15,1.2,short,low,44,M2 optimized,2,12.0,0.0032339096069335938,0.0063397884368896484,,6
15,1.2,short,low,44,M3 optimized,2,12.0,0.004621982574462891,0.008333921432495117,,6
15,1.2,short,low,45,M1 optimized,2,12.0,0.012690067291259766,0.019024133682250977,,6
15,1.2,short,low,45,M2 optimized,2,12.0,0.0041429996490478516,0.007328987121582031,,6
15,1.2,short,low,45,M3 optimized,2,12.0,0.0026619434356689453,0.0068399906158447266,,6
15,1.2,short,low,46,M1 optimized,2,12.0,0.23145294189453125,0.23867297172546387,,6
15,1.2,short,low,46,M2 optimized,2,12.0,0.019598960876464844,0.022686004638671875,,6
15,1.2,short,low,46,M3 optimized,2,12.0,0.08149385452270508,0.08503890037536621,,6
15,1.2,short,high,42,M1 optimized,2,12.0,0.012160062789916992,0.021214962005615234,,6
15,1.2,short,high,42,M2 optimized,2,12.0,0.00545811653137207,0.009519815444946289,,6
15,1.2,short,high,42,M3 optimized,2,12.0,0.002699136734008789,0.004954099655151367,,6
15,1.2,short,high,43,M1 optimized,2,16.0,0.01917099952697754,0.02849721908569336,,8
15,1.2,short,high,43,M2 optimized,2,16.0,0.008178949356079102,0.011793136596679688,,8
15,1.2,short,high,43,M3 optimized,2,16.0,0.0031480789184570312,0.006127119064331055,,8
15,1.2,short,high,44,M1 optimized,2,16.0,0.05345511436462402,0.06268501281738281,,8
15,1.2,short,high,44,M2 optimized,2,16.0,0.019090890884399414,0.024977922439575195,,8
15,1.2,short,high,44,M3 optimized,2,16.0,0.005906105041503906,0.008639097213745117,,8
15,1.2,short,high,45,M1 optimized,2,17.0,0.03938102722167969,0.04638195037841797,,9
15,1.2,short,high,45,M2 optimized,2,17.0,0.01745295524597168,0.021310091018676758,,9
15,1.2,short,high,45,M3 optimized,2,17.0,0.002402067184448242,0.005176067352294922,,9
15,1.2,short,high,46,M1 optimized,2,14.0,0.020361900329589844,0.028422832489013672,,7
15,1.2,short,high,46,M2 optimized,2,14.0,0.0038940906524658203,0.006891012191772461,,7
15,1.2,short,high,46,M3 optimized,2,14.0,0.002398967742919922,0.004981040954589844,,7
15,1.2,long,low,42,M1 optimized,2,12.0,0.03397107124328613,0.04244112968444824,,6
15,1.2,long,low,42,M2 optimized,2,12.0,0.0041120052337646484,0.007501125335693359,,6
15,1.2,long,low,42,M3 optimized,2,12.0,0.0040781497955322266,0.009011983871459961,,6
15,1.2,long,low,43,M1 optimized,2,12.0,0.018121004104614258,0.026427030563354492,,6
15,1.2,long,low,43,M2 optimized,2,12.0,0.0034570693969726562,0.006484031677246094,,6
15,1.2,long,low,43,M3 optimized,2,12.0,0.0032689571380615234,0.006600856781005859,,6
15,1.2,long,low,44,M1 optimized,2,12.0,0.02129077911376953,0.029529094696044922,,6
15,1.2,long,low,44,M2 optimized,2,12.0,0.0029020309448242188,0.005774974822998047,,6
15,1.2,long,low,44,M3 optimized,2,12.0,0.003214120864868164,0.006442070007324219,,6
15,1.2,long,low,45,M1 optimized,2,12.0,0.025213956832885742,0.03246283531188965,,6
15,1.2,long,low,45,M2 optimized,2,12.0,0.011828899383544922,0.015032768249511719,,6
15,1.2,long,low,45,M3 optimized,2,12.0,0.002891063690185547,0.0059051513671875,,6
15,1.2,long,low,46,M1 optimized,2,12.0,0.0196530818939209,0.027708053588867188,,6
15,1.2,long,low,46,M2 optimized,2,12.0,0.002750873565673828,0.0058591365814208984,,6
15,1.2,long,low,46,M3 optimized,2,12.0,0.003495931625366211,0.00687098503112793,,6
15,1.2,long,high,42,M1 optimized,2,18.0,0.017186880111694336,0.025492191314697266,,9
15,1.2,long,high,42,M2 optimized,2,18.0,0.0074040889739990234,0.010688066482543945,,9
15,1.2,long,high,42,M3 optimized,2,18.0,0.0020079612731933594,0.003988027572631836,,9
15,1.2,long,high,43,M1 optimized,2,16.0,0.0212249755859375,0.03067922592163086,,8
15,1.2,long,high,43,M2 optimized,2,16.0,0.011133909225463867,0.014262914657592773,,8
15,1.2,long,high,43,M3 optimized,2,16.0,0.002337932586669922,0.00500035285949707,,8
15,1.2,long,high,44,M1 optimized,2,16.0,0.03705787658691406,0.04573988914489746,,8
15,1.2,long,high,44,M2 optimized,2,16.0,0.009328126907348633,0.01299905776977539,,8
15,1.2,long,high,44,M3 optimized,2,16.0,0.0027010440826416016,0.005280971527099609,,8
15,1.2,long,high,45,M1 optimized,2,20.0,0.031159162521362305,0.03870892524719238,,10
15,1.2,long,high,45,M2 optimized,2,20.0,0.009978055953979492,0.013017654418945312,,10
15,1.2,long,high,45,M3 optimized,2,20.0,0.0016269683837890625,0.0034852027893066406,,10
15,1.2,long,high,46,M1 optimized,2,16.0,0.06732702255249023,0.07849907875061035,,8
15,1.2,long,high,46,M2 optimized,2,16.0,0.01144099235534668,0.014557123184204102,,8
15,1.2,long,high,46,M3 optimized,2,16.0,0.0035719871520996094,0.006359100341796875,,8
20,1.0,short,low,42,M1 optimized,2,14.0,0.495434045791626,0.5133681297302246,,7
20,1.0,short,low,42,M2 optimized,2,14.0,0.13941502571105957,0.14739203453063965,,7
20,1.0,short,low,42,M3 optimized,2,14.0,0.06273078918457031,0.07317519187927246,,7
20,1.0,short,low,43,M1 optimized,2,14.0,0.06406116485595703,0.08446526527404785,,7
20,1.0,short,low,43,M2 optimized,2,14.0,0.007925033569335938,0.014332056045532227,,7
20,1.0,short,low,43,M3 optimized,2,14.0,0.012132883071899414,0.01955699920654297,,7
20,1.0,short,low,44,M1 optimized,2,14.0,0.05130910873413086,0.06907391548156738,,7
20,1.0,short,low,44,M2 optimized,2,14.0,0.008744955062866211,0.017858028411865234,,7
20,1.0,short,low,44,M3 optimized,2,14.0,0.008545875549316406,0.014819145202636719,,7
20,1.0,short,low,45,M1 optimized,2,14.0,0.08469414710998535,0.10257983207702637,,7
20,1.0,short,low,45,M2 optimized,2,14.0,0.008479118347167969,0.01733112335205078,,7
20,1.0,short,low,45,M3 optimized,2,14.0,0.0068089962005615234,0.013510704040527344,,7
20,1.0,short,low,46,M1 optimized,2,12.0,0.5269260406494141,0.5429000854492188,,6
20,1.0,short,low,46,M2 optimized,2,12.0,0.10677313804626465,0.11634302139282227,,6
20,1.0,short,low,46,M3 optimized,2,12.0,0.050102949142456055,0.058892011642456055,,6
20,1.0,short,high,42,M1 optimized,2,18.0,1.155155897140503,1.178882122039795,,9
20,1.0,short,high,42,M2 optimized,2,18.0,0.3967440128326416,0.4086470603942871,,9
20,1.0,short,high,42,M3 optimized,2,18.0,0.013187170028686523,0.021307945251464844,,9
20,1.0,short,high,43,M1 optimized,2,20.0,0.08669304847717285,0.11572408676147461,,10
20,1.0,short,high,43,M2 optimized,2,20.0,0.035971879959106445,0.04489922523498535,,10
20,1.0,short,high,43,M3 optimized,2,20.0,0.015420198440551758,0.023513078689575195,,10
20,1.0,short,high,44,M1 optimized,2,20.0,0.19523906707763672,0.2206737995147705,,10
20,1.0,short,high,44,M2 optimized,2,20.0,0.10430383682250977,0.1172800064086914,,10
20,1.0,short,high,44,M3 optimized,2,20.0,0.014027833938598633,0.019789934158325195,,10
20,1.0,short,high,45,M1 optimized,2,20.0,0.17207980155944824,0.20017075538635254,,10
20,1.0,short,high,45,M2 optimized,2,20.0,0.043769121170043945,0.053494930267333984,,10
20,1.0,short,high,45,M3 optimized,2,20.0,0.01038503646850586,0.01558828353881836,,10
20,1.0,short,high,46,M1 optimized,2,16.0,0.139801025390625,0.16049814224243164,,8
20,1.0,short,high,46,M2 optimized,2,16.0,0.0369420051574707,0.04612421989440918,,8
20,1.0,short,high,46,M3 optimized,2,16.0,0.01212000846862793,0.01819896697998047,,8
20,1.0,long,low,42,M1 optimized,2,16.0,0.08561301231384277,0.10979294776916504,,8
20,1.0,long,low,42,M2 optimized,2,16.0,0.009675025939941406,0.01747298240661621,,8
20,1.0,long,low,42,M3 optimized,2,16.0,0.013103961944580078,0.024737834930419922,,8
20,1.0,long,low,43,M1 optimized,2,16.0,0.06592798233032227,0.09116101264953613,,8
20,1.0,long,low,43,M2 optimized,2,16.0,0.008320093154907227,0.01588916778564453,,8
20,1.0,long,low,43,M3 optimized,2,16.0,0.012350082397460938,0.023443937301635742,,8
20,1.0,long,low,44,M1 optimized,2,18.0,23.303930044174194,23.329418897628784,,9
20,1.0,long,low,44,M2 optimized,2,18.0,1.3418700695037842,1.35825514793396,,9
20,1.0,long,low,44,M3 optimized,2,18.0,0.018474817276000977,0.03922009468078613,,9
20,1.0,long,low,45,M1 optimized,2,18.0,3.9527719020843506,3.999419927597046,,9
20,1.0,long,low,45,M2 optimized,2,18.0,1.236198902130127,1.2524569034576416,,9
20,1.0,long,low,45,M3 optimized,2,18.0,0.018917083740234375,0.03914904594421387,,9
20,1.0,long,low,46,M1 optimized,2,16.0,0.09862804412841797,0.14089488983154297,,8
20,1.0,long,low,46,M2 optimized,2,16.0,0.01382899284362793,0.02548980712890625,,8
20,1.0,long,low,46,M3 optimized,2,16.0,0.025146961212158203,0.03919410705566406,,8
20,1.0,long,high,42,M1 optimized,2,20.0,0.14036798477172852,0.17871809005737305,,10
20,1.0,long,high,42,M2 optimized,2,20.0,0.03427314758300781,0.04996299743652344,,10
20,1.0,long,high,42,M3 optimized,2,20.0,0.007086992263793945,0.014475822448730469,,10
20,1.0,long,high,43,M1 optimized,2,20.0,0.13965892791748047,0.17568397521972656,,10
20,1.0,long,high,43,M2 optimized,2,20.0,0.010051965713500977,0.021200180053710938,,10
20,1.0,long,high,43,M3 optimized,2,20.0,0.010334014892578125,0.02180790901184082,,10
20,1.0,long,high,44,M1 optimized,2,24.0,0.2317647933959961,0.2630016803741455,,12
20,1.0,long,high,44,M2 optimized,2,24.0,0.04684710502624512,0.059384822845458984,,12
20,1.0,long,high,44,M3 optimized,2,24.0,0.004559993743896484,0.011888980865478516,,12
20,1.0,long,high,45,M1 optimized,2,26.0,0.2559511661529541,0.3156113624572754,,13
20,1.0,long,high,45,M2 optimized,2,26.0,0.2792069911956787,0.2921009063720703,,13
20,1.0,long,high,45,M3 optimized,2,26.0,0.008120059967041016,0.016865968704223633,,13
20,1.0,long,high,46,M1 optimized,2,22.0,0.5228879451751709,0.5598900318145752,,11
20,1.0,long,high,46,M2 optimized,2,22.0,0.28708696365356445,0.3033430576324463,,11
20,1.0,long,high,46,M3 optimized,2,22.0,0.012233972549438477,0.023263931274414062,,11
20,1.2,short,low,42,M1 optimized,2,12.0,0.11725592613220215,0.15808701515197754,,6
20,1.2,short,low,42,M2 optimized,2,12.0,0.02322983741760254,0.039990901947021484,,6
20,1.2,short,low,42,M3 optimized,2,12.0,0.027618885040283203,0.04147911071777344,,6
20,1.2,short,low,43,M1 optimized,2,12.0,0.10011720657348633,0.13197016716003418,,6
20,1.2,short,low,43,M2 optimized,2,12.0,0.018379926681518555,0.030466079711914062,,6
20,1.2,short,low,43,M3 optimized,2,12.0,0.0178680419921875,0.029404163360595703,,6
20,1.2,short,low,44,M1 optimized,2,14.0,3.890277147293091,3.923784017562866,,7
20,1.2,short,low,44,M2 optimized,2,14.0,1.9725470542907715,1.9907448291778564,,7
20,1.2,short,low,44,M3 optimized,2,14.0,0.07354402542114258,0.09268784523010254,,7
20,1.2,short,low,45,M1 optimized,2,12.0,0.11967110633850098,0.16486406326293945,,6
20,1.2,short,low,45,M2 optimized,2,12.0,0.015159130096435547,0.03301668167114258,,6
20,1.2,short,low,45,M3 optimized,2,12.0,0.025316953659057617,0.038877248764038086,,6
20,1.2,short,low,46,M1 optimized,2,14.0,0.07400703430175781,0.10364699363708496,,7
20,1.2,short,low,46,M2 optimized,2,14.0,0.015430927276611328,0.02815699577331543,,7
20,1.2,short,low,46,M3 optimized,2,14.0,0.021212100982666016,0.035125017166137695,,7
20,1.2,short,high,42,M1 optimized,2,16.0,0.14894986152648926,0.18061590194702148,,8
20,1.2,short,high,42,M2 optimized,2,16.0,0.04823493957519531,0.06114816665649414,,8
20,1.2,short,high,42,M3 optimized,2,16.0,0.01536703109741211,0.023617029190063477,,8
20,1.2,short,high,43,M1 optimized,2,20.0,0.06171393394470215,0.09110665321350098,,10
20,1.2,short,high,43,M2 optimized,2,20.0,0.038752079010009766,0.051320791244506836,,10
20,1.2,short,high,43,M3 optimized,2,20.0,0.009300947189331055,0.014966011047363281,,10
20,1.2,short,high,44,M1 optimized,2,18.0,0.11899089813232422,0.14626312255859375,,9
20,1.2,short,high,44,M2 optimized,2,18.0,0.08538198471069336,0.09572672843933105,,9
20,1.2,short,high,44,M3 optimized,2,18.0,0.007985115051269531,0.014798879623413086,,9
20,1.2,short,high,45,M1 optimized,2,16.0,0.2684051990509033,0.2982959747314453,,8
20,1.2,short,high,45,M2 optimized,2,16.0,0.050042152404785156,0.0664830207824707,,8
20,1.2,short,high,45,M3 optimized,2,16.0,0.1289060115814209,0.14110398292541504,,8
20,1.2,short,high,46,M1 optimized,2,16.0,0.08275794982910156,0.11797475814819336,,8
20,1.2,short,high,46,M2 optimized,2,16.0,0.017935991287231445,0.030086994171142578,,8
20,1.2,short,high,46,M3 optimized,2,16.0,0.018059968948364258,0.026633262634277344,,8
20,1.2,long,low,42,M1 optimized,2,16.0,0.08961701393127441,0.126204252243042,,8
20,1.2,long,low,42,M2 optimized,2,16.0,0.010556936264038086,0.020859956741333008,,8
20,1.2,long,low,42,M3 optimized,2,16.0,0.01940298080444336,0.0367889404296875,,8
20,1.2,long,low,43,M1 optimized,2,18.0,1.7740001678466797,1.8058140277862549,,9
20,1.2,long,low,43,M2 optimized,2,18.0,0.2636551856994629,0.2776758670806885,,9
20,1.2,long,low,43,M3 optimized,2,18.0,0.022119998931884766,0.03958392143249512,,9
20,1.2,long,low,44,M1 optimized,2,16.0,0.2752251625061035,0.3191397190093994,,8
20,1.2,long,low,44,M2 optimized,2,16.0,0.043849945068359375,0.0564727783203125,,8
20,1.2,long,low,44,M3 optimized,2,16.0,0.013093948364257812,0.02719569206237793,,8
20,1.2,long,low,45,M1 optimized,2,14.0,0.30332303047180176,0.3347949981689453,,7
20,1.2,long,low,45,M2 optimized,2,14.0,0.14174699783325195,0.15581989288330078,,7
20,1.2,long,low,45,M3 optimized,2,14.0,0.031262874603271484,0.048682212829589844,,7
20,1.2,long,low,46,M1 optimized,2,14.0,1.0011379718780518,1.0388059616088867,,7
20,1.2,long,low,46,M2 optimized,2,14.0,0.08838891983032227,0.10470104217529297,,7
20,1.2,long,low,46,M3 optimized,2,14.0,0.03426384925842285,0.053481340408325195,,7
20,1.2,long,high,42,M1 optimized,2,20.0,0.25565195083618164,0.2989199161529541,,10
20,1.2,long,high,42,M2 optimized,2,20.0,0.02062082290649414,0.032048940658569336,,10
20,1.2,long,high,42,M3 optimized,2,20.0,0.009351968765258789,0.0191648006439209,,10
20,1.2,long,high,43,M1 optimized,2,26.0,0.09584689140319824,0.1287992000579834,,13
20,1.2,long,high,43,M2 optimized,2,26.0,0.05429697036743164,0.0663449764251709,,13
20,1.2,long,high,43,M3 optimized,2,26.0,0.006039142608642578,0.013778924942016602,,13
20,1.2,long,high,44,M1 optimized,2,24.0,0.19245100021362305,0.2250807285308838,,12
20,1.2,long,high,44,M2 optimized,2,24.0,0.037042856216430664,0.04906606674194336,,12
20,1.2,long,high,44,M3 optimized,2,24.0,0.0042917728424072266,0.010371208190917969,,12
20,1.2,long,high,45,M1 optimized,2,18.0,0.714040994644165,0.7440288066864014,,9
20,1.2,long,high,45,M2 optimized,2,18.0,0.0817880630493164,0.09660887718200684,,9
20,1.2,long,high,45,M3 optimized,2,18.0,0.011651039123535156,0.024949073791503906,,9
20,1.2,long,high,46,M1 optimized,2,20.0,0.1627650260925293,0.20008373260498047,,10
20,1.2,long,high,46,M2 optimized,2,20.0,0.035151004791259766,0.05050015449523926,,10
20,1.2,long,high,46,M3 optimized,2,20.0,0.00899195671081543,0.018828153610229492,,10
